{
  "XGBoost": 0.8959571938168847,
  "LogReg": 0.8869203329369798,
  "SVM": 0.8938168846611177,
  "Voting (среднее)": 0.9120095124851367,
  "Voting (взвешенное)": 0.9123662306777646,
  "Voting (мажоритарное)": 0.9082045184304399
}