{
  "random_forest": {
    "accuracy": 0.818192627824019
  },
  "svm": {
    "accuracy": 0.31807372175980975
  },
  "xgboost": {
    "accuracy": 0.8853745541022592
  }
}