{
  "random_forest": {
    "accuracy": 0.5043128991900968
  },
  "svm": {
    "accuracy": 0.1762033317969316
  },
  "xgboost": {
    "accuracy": 0.6414038322249292
  }
}