{
  "15_authors": 0.5288733785474419,
  "3_authors": 0.6759809750297265
}